Subject,BPM,RMSSD,SDNN,PNN50,SD1,SD2,LF_HF,Label
Arianna,1.0191854042482371,0.9087339986153811,1.0556463083531689,0.6011661722272772,0.9087765422335485,1.0702749990131586,1.1618974515954248,Baseline
Arianna,1.0276028170359677,0.8616379497127683,0.9877580831829555,0.44615342886500803,0.8616540497414276,1.000394922251931,1.3471577199541485,Baseline
Arianna,1.0322349429276945,0.7937758465484918,0.8889036912691358,0.2974356192433387,0.7937644169706803,0.8985876451956621,1.7172856430391816,Baseline
Arianna,1.0248617718682125,0.8275710734127281,0.8650639386042828,0.6011661722272772,0.8267527766684117,0.8692628321329338,1.5802859272514909,Baseline
Arianna,1.0203751975073136,0.8375019852311907,0.8539088685373452,0.6011661722272772,0.8375157754809794,0.8558729618270571,1.1953761527130133,Baseline
Arianna,1.0158942651275689,0.8755985335509235,0.9007894932368103,0.6043638646327414,0.8755793117056276,0.9036886158184478,1.297232853918782,Baseline
Arianna,1.01196700209989,0.87715565770861,0.8417581889445733,0.4532728984745561,0.8771208688619104,0.8382045572729365,1.482497551574706,Baseline
Arianna,1.0019247237687845,1.0549743177117552,0.9398928528876475,1.2217248016231763,1.0549470379410057,0.9272500475005793,0.5546434870998858,Baseline
Arianna,0.9958212453314556,1.0769555088277376,0.9699472667280407,1.228328719469788,1.0770079875856946,0.958308375489483,0.6271621877107294,Baseline
Arianna,0.9909204257623765,1.0893441851700283,1.067882743909561,1.2350044190321237,1.0893704794738805,1.0659928464463633,1.043815879337121,Baseline
Arianna,0.9828643836610065,1.1593120713321245,1.149531453480918,1.7167918572259742,1.1594278789545507,1.1489527256806713,0.6593946907214835,Baseline
Arianna,0.9788645202999009,1.1474236560180942,1.1493118360564036,1.7167918572259742,1.1475977848632377,1.1499622246616177,0.45305968396135277,Baseline
Arianna,0.972203770816488,1.1480389844337762,1.1667781462845328,1.4202550818869424,1.1480885088653696,1.1692476716011555,0.6984791895930456,Baseline
Arianna,0.9640586147714905,1.1736585701525228,1.09210596359858,1.4281894678192717,1.173869326011794,1.0836260649013154,0.656872817664895,Baseline
Arianna,0.9612209147736138,1.1683176615738662,1.0707211649260453,1.4281894678192717,1.1685272546418786,1.060373510206685,0.5248387638647372,Baseline
Arianna,1.1753326299067866,0.9457244227023697,0.9016059662145739,1.172687682291971,0.9453355725881925,0.8967863646612313,3.0027378684072987,Stress
Arianna,1.1617914528866982,1.1083981743197633,0.9295941019031086,1.3150510017471688,1.1080631599196291,0.9086606017843313,3.4156697898076365,Stress
Arianna,1.1633871874220039,1.059691636440722,0.9066120867369402,1.1835459015724519,1.0593849202056562,0.8889031949183699,2.6491207899495453,Stress
Arianna,1.146331778817483,1.1826681079761385,1.2288076468312434,1.3398632847990024,1.1823821536172097,1.2335804292933228,2.418124219886159,Stress
Arianna,1.1427508348626616,1.1709827631995862,1.218005108923682,1.205876956319102,1.1706167020697933,1.2228744840615569,2.41234209849757,Stress
Arianna,1.1301849180316834,1.1915532244792186,1.2503129238363235,1.2173614987602364,1.191280010396941,1.2563862783141555,1.8582738436758248,Stress
Arianna,1.1255774786172632,1.20370710217855,1.2273165335261904,1.2231861949265532,1.203416665683704,1.2298333057995903,2.0328664798268203,Stress
Arianna,1.0750569896552484,1.0330770661819144,1.2718242092608876,1.136204065509554,1.032975351670645,1.2946258175086154,5.388889528361244,Stress
Arianna,1.0734078557988123,1.0818298372925026,1.314038236475216,1.1419136336779436,1.0816168590528505,1.3363974703674928,5.125322927982519,Stress
Arianna,1.0684414820755965,1.1841414310757317,1.4169988590043996,1.721521311378112,1.1840072446262442,1.4396110375395852,4.722934131852918,Stress
Arianna,1.0682188529953174,1.2537187879298277,1.451275308967085,1.8649814206596216,1.2532578581258067,1.470847483383167,4.493569361893325,Stress
Arianna,1.0679691241480582,1.3193037860683638,1.4993767868485195,1.7302599982378994,1.3191721356532682,1.5174051372363306,4.668513794676952,Stress
Arianna,1.0740791552708564,1.3531915886059824,1.5915659479083986,2.141088063146144,1.3530714341479084,1.6149100596203418,3.498690370923889,Stress
Arianna,1.0594698221821186,1.4717874330945748,1.6969786211653939,2.7535557710052965,1.4716156086001073,1.7193551728162801,3.084319141731572,Stress
Chiara,1.050297692733234,0.7875355484288213,0.7498383173105578,0.6102319634301139,0.7874581780807473,0.7453910384550927,0.20899156862041632,Baseline
Chiara,1.0562518605619842,0.8009819940556189,0.7283222807459538,0.6834597990417276,0.8008806628393325,0.7195656342538456,0.37304353189885486,Baseline
Chiara,1.0476893164358672,0.8635704814208423,0.7910361286559032,0.7896334914767813,0.8632828605008234,0.7823772531320483,0.4874027784212729,Baseline
Chiara,1.044328399993524,0.8690914481071917,0.823232269194481,0.8143095380854306,0.8690701371381494,0.8178309621756615,0.4622012577795813,Baseline
Chiara,1.0486061310573447,0.8612852258445665,0.8280712875190821,0.7853420051100596,0.8612398176133235,0.8241731327675813,0.4347461043785256,Baseline
Chiara,1.0502666316607607,0.9039608158428366,0.8678729207414999,0.8589678180891278,0.9039238992369515,0.8636343901507257,0.5290859355487243,Baseline
Chiara,0.9619830420013488,1.229324352381487,1.3018112939494653,1.282570375209328,1.229549471120419,1.3100394479351987,1.89574379118351,Baseline
Chiara,0.9668019927439981,1.2554823410976477,1.31970634452921,1.3092905913595223,1.2556659067692006,1.3270613440627983,2.272153839455781,Baseline
Chiara,0.9724484684881112,1.27346110667103,1.334940474405386,1.3281519204067185,1.2736966077926903,1.341974222280267,2.379811075308948,Baseline
Chiara,0.9730577465895824,1.2828368695150643,1.332491090189084,1.3547149588148528,1.2827869145530855,1.3382739943612674,1.7522548634069528,Baseline
Chiara,0.9674481697724413,1.3189650083202065,1.349888086355633,1.3894512398101055,1.3188553929409146,1.3536517973376048,1.7340609996141578,Baseline
Chiara,0.9610748021900046,1.3289740142456683,1.329658147284461,1.3439632527925127,1.3290747137840997,1.330030924280738,2.0754341532627114,Baseline
Chiara,0.9768492999933117,0.9754944791923177,0.9679375737953141,1.0764208006087008,0.9756423115320587,0.9672077317278923,0.5114007319328616,Baseline
Chiara,0.9821701610050696,0.8993677072310905,0.9232979209392581,0.9918914920031677,0.8988291270766063,0.9261606461662466,0.4859426750353344,Baseline
Chiara,0.9805068461512931,0.8908235417868772,0.9045629584487175,0.9451499712661764,0.8909049930373518,0.9062401332763278,0.5392329153237847,Baseline
Chiara,0.9759354138284012,0.8845013033851389,0.8877092936473081,0.8978617660761208,0.8846332522699629,0.888211258080134,0.599348239218626,Baseline
Chiara,0.9891673143629606,0.8508255175873821,0.828429689562066,0.8304766031048906,0.8508997162389575,0.8259361394992745,0.6934888313618578,Baseline
Chiara,0.9959441311210657,0.8663125394673309,0.8687635692852824,0.8823813907989463,0.8663672601927677,0.8691368485534922,0.7745982022935002,Baseline
Chiara,0.9991725793096968,0.8572057054188823,0.8624303534413381,0.8257310225157197,0.857238777282556,0.8631031015038036,0.7910585059545965,Baseline
Chiara,1.1220585455036043,0.9193606052769564,0.8870528246344611,0.6647501489954438,0.9187276223211074,0.8831566951138822,0.7014946637301098,Stress
Chiara,1.1223853632050367,0.7438279330937783,0.8429466285349407,0.550138054341057,0.7436369648192888,0.853283348638145,0.8184818776303959,Stress
Chiara,1.1090250525653538,0.75931451628482,0.8307628057722783,0.581922233167892,0.7591801057191193,0.8383326734637023,0.8485391162755646,Stress
Chiara,0.995769940018057,1.0012449612819334,1.0325940296583744,1.057967872598266,1.0013412370295007,1.0361855687597432,0.4625132974294455,Stress
Chiara,0.9930402620283268,0.9968258993358173,1.0188814173947462,1.038095753881113,0.9968973363216612,1.0214671760867913,0.39071244904958063,Stress
Chiara,0.9997558431261642,1.0264026016917376,1.0192668809623078,1.057967872598266,1.0264508896379538,1.018548459297987,0.47525068119327857,Stress
Chiara,1.0014260696527082,1.0436409732681233,1.0358053100628153,1.1353801559591148,1.0434805777179832,1.035032336768023,0.7588876644332782,Stress
Chiara,0.9897981893130131,1.0557832966649536,1.0225965109393231,1.2007107534775188,1.0555070448041206,1.0189303304179995,0.9556233118028763,Stress
Chiara,0.9869546521715943,1.021021518438576,1.0363943425285311,1.1746083457932248,1.020907120472717,1.0382786917388407,0.9403073929982021,Stress
Sofia,1.017373218786602,1.0491301386427885,0.8162158049730682,0.0,1.049017387128897,0.7942489832599928,0.3643404995055692,Baseline
Sofia,1.0197471885458442,1.0303269997406044,0.8881470067813849,0.0,1.0295915300241765,0.8760872484411094,0.43404636246616096,Baseline
Sofia,1.021993253490881,1.0379093882976969,0.8297164869008454,0.0,1.0380268811770803,0.8105012021241113,0.4932867612318458,Baseline
Sofia,1.0228585128275398,1.0812490972405102,0.8490899107704896,0.0,1.0813090932496436,0.8273486679294849,0.42353727698450355,Baseline
Sofia,1.024461322304741,1.0962227114688265,0.892917447623772,0.0,1.096327729810353,0.8744716697277829,0.4315698710233969,Baseline
Sofia,1.0242480883270737,1.0988802249721854,0.8849447783572768,0.0,1.0989618028688808,0.865333481342696,0.5392434937332709,Baseline
Sofia,1.0249734462733997,1.0944474508521775,0.9128629584361955,0.0,1.0945522372890961,0.8967623792235901,0.6400203323562766,Baseline
Sofia,1.0219615307934904,1.1115620345655446,1.087425510362955,0.0,1.1112285922740586,1.086583839883908,0.6613223476562747,Baseline
Sofia,1.0195347766168854,1.159763362349037,1.1776051048859522,0.0,1.159838687933206,1.1803982671516509,0.5395664877083547,Baseline
Sofia,0.9804708038276089,1.0039032661000542,1.0822808986527883,0.0,1.0041161422276743,1.089966359600817,0.8524650904378817,Baseline
Sofia,0.9803396558753348,0.9924255028325948,1.0852381721787898,0.0,0.9926742750631032,1.0940636875566734,1.475120630068894,Baseline
Sofia,0.9801035862980855,0.9813867717330033,1.0825805388690515,0.0,0.981617110229959,1.0920271020091665,1.4301906057672433,Baseline
Sofia,0.9798181627800057,0.9615164688939123,1.0870263133897875,0.0,0.961451166437963,1.0983332229954608,1.1588899598855218,Baseline
Sofia,0.9831311228394971,0.9466083338962216,1.1387690852251704,0.0,0.946679724607759,1.1549676674868368,1.7438103329094659,Baseline
Sofia,0.9847184723555876,0.9661743471389481,1.1459373955342427,0.0,0.9662923741326135,1.1612618911385688,1.9146577337186845,Baseline
Sofia,0.9863178401892486,0.9439604732300845,1.1683489359356503,0.0,0.9441611470299394,1.18680654815631,1.3440071833745,Baseline
Sofia,0.9863178401892486,0.9682633751932728,1.20275528950783,0.0,0.9682654378875241,1.2220057377019105,1.1234584048434877,Baseline
Sofia,0.9829259704829929,0.9741132914893972,1.0855853822200543,0.0,0.9741953960109611,1.0958278536554311,1.0916564162167846,Baseline
Sofia,0.9858251739354079,0.8933734927682583,1.0091494075821503,0.0,0.8930570870542086,1.019593180829528,1.0532909263041292,Baseline
Sofia,0.9899458275632939,0.8704626648329021,0.8452872565974701,0.0,0.870127759790368,0.8441637125853423,1.0393329359984724,Baseline
Sofia,0.991260719188574,0.8610690128067733,0.8387529259421763,0.0,0.8612375968026643,0.8378129844045621,1.2561120605671794,Baseline
Sofia,0.9916734865086607,0.8772515909552068,0.8893633892728959,0.0,0.8772708409698697,0.8914343127950647,1.9900742872420978,Baseline
Sofia,1.017373218786602,1.4320655914352363,1.5328576076266245,0.0,1.4322154160257,1.5427779272858921,3.558238050982683,Stress
Sofia,1.0185938811579054,1.387922308664244,1.518102347883346,0.0,1.3881202032128148,1.5303113895553395,4.147049531674373,Stress
Sofia,1.025742592979237,1.5012266862288082,1.6159785935993272,0.5376344086021506,1.5011145326424022,1.627099924853965,5.539833379829625,Stress
Sofia,1.0266413910453545,1.4518414758761238,1.4781683870729045,0.5376344086021506,1.4517753585094368,1.4819919691767454,4.292192746596546,Stress
Sofia,1.0289971453751905,1.5486421283887615,1.5220556715060265,0.53475935828877,1.5485813002582278,1.521417970622377,3.399867602888188,Stress
Sofia,1.023694095185894,1.578877989882236,1.7369537887097317,0.5376344086021506,1.5790037433943063,1.7515767059634606,4.349875883309735,Stress
Sofia,1.0210661205737532,1.5831394766879292,1.7095509826923603,0.5405405405405406,1.5833284699395536,1.7217108969073587,6.724992309160702,Stress
